DELETE FROM t_cate;
INSERT INTO t_cate VALUES
('C100010', 'C1000','コスメ','コスメ','コスメ',1),
('C100020', 'C1000','その他小物','ソノタコモノ','その他小物',2),
('C200010', 'C2000','インテリア','インテリア','インテリア',1),
('C200020', 'C2000','車','クルマ','車',2),
('C200030', 'C2000','船','フネ','船',3)
;
commit;


INSERT INTO t_id_manager values
('customer_id', 123456, null),
('odr_id', 1234567, null)
;
commit;
delete from t_master_cate;
insert into t_master_cate values
('C1000', '小物','こもの','小物',1),
('C2000', '大きなもの','おおきなもの','大きなもの',2)
;
commit;
DELETE FROM t_news;
SET sql_mode='PIPES_AS_CONCAT';
-- 関数名と'('の間に空白を入れると正しく認識されないので要注意
INSERT INTO t_news values
(1, 2, '2015/12/01 00:00:00', 
  DATE_ADD(CURDATE(), INTERVAL -1 SECOND), 1, true, true,
  'ニュースのお試し（過去）', 'これはニュースの表示されないテスト用。<br>これは出ないはず。'),
(2, 2, CURDATE(), DATE_ADD(DATE_ADD(CURDATE(), INTERVAL 60 DAY), INTERVAL -1 SECOND), 1, true, true,
  '村のお店オープン！', '本日めでたくみなさまの村のお店がスタートしました。<br>あなたの冒険ライフに是非お役立てください。'),
(3, 2, CURDATE(), DATE_ADD(DATE_ADD(CURDATE(), INTERVAL 60 DAY), INTERVAL -1 SECOND), 2, true, true,
  'テンチョーのイチオシ！', 'トップページにテンチョーのイチオシ！を掲載しました。何を買おうか迷ったらとりあえずここから！'),
(4, 2, CURDATE(), DATE_ADD(DATE_ADD(CURDATE(), INTERVAL 60 DAY), INTERVAL -1 SECOND), 3, true, true,
  'オープニングキャンペーンでプレゼントをゲット！',
  DATE_FORMAT(CURDATE(), '%m/%d') || '～' || DATE_FORMAT(DATE_ADD(CURDATE(), INTERVAL 21 DAY), '%m/%d') || 
  'の間に村のお店サイトで10,000VM以上ご購入いただいたお客様の中から抽選で素敵なプレゼントをあげちゃいます。'
  ),
(5, 2, DATE_ADD(CURDATE(), INTERVAL 60 DAY), 
  DATE_ADD(DATE_ADD(CURDATE(), INTERVAL 120 DAY), INTERVAL -1 SECOND), 1, true, true,
  'ニュースのお試し（未来）', 'これはニュースの表示されないテスト用。<br>これは出ないはず。')
;
commit;
delete from t_odr_status;
insert into t_odr_status values
(10, '新規受付'),
(20, '出荷待ち'),
(30, '出荷済'),
(35, 'お届け済'),
(80, 'キャンセル'),
(81, '出荷取消し'),
(90, '返品')
;
delete from t_payment_method;
insert into t_payment_method values
(10, '村通貨（VM）で支払う'),
(20, 'クエストで支払う')
;
DELETE FROM t_prd;
INSERT INTO t_prd VALUES
(176321,'10176321','ぷるるんプリンセスリップ（紅）','プルルンプリンセスリップアカ','ぷるるんプリンセスリップ（紅）','即納',40,true,true,5000,5000,0,'2016/02/01 00:00:00','2020/01/31 23:59:59','2016/02/01 00:00:00','2020/01/31 23:59:59',false,'C100010','姫ご愛用のリップであなたもお姫様気分。真っ赤にきらめく存在感のある唇に☆',false,null),
(176322,'10176322','ぷるるんプリンセスリップ（桃）','プルルンプリンセスリップモモ','ぷるるんプリンセスリップ（桃）','即納',40,true,true,5000,5000,0,'2016/02/01 00:00:00','2020/01/31 23:59:59','2016/02/01 00:00:00','2020/01/31 23:59:59',false,'C100010','姫ご愛用のリップであなたもお姫様気分。淡いピンクの唇でかわいさアピ～ル☆',false,null),
(176331,'10176331','ぷるるんプリンセスリップ（橙）','プルルンプリンセスリップダイダイ','ぷるるんプリンセスリップ（橙）','即納',40,true,true,5000,5000,0,'2016/02/01 00:00:00','2020/01/31 23:59:59','2016/02/01 00:00:00','2020/01/31 23:59:59',false,'C100010','姫ご愛用のリップであなたもお姫様気分。橙は・・・・おいしそうって言われるかも☆',false,null),
(176338,'10176338','姫傘','ヒメカサ','姫傘','即納',40,true,true,8000,8000,0,'2016/02/01 00:00:00','2020/01/31 23:59:59','2016/02/01 00:00:00','2020/01/31 23:59:59',false,'C100020','プリンセスロゴをあしらったカワイイ傘です。',false,null),
(176343,'10176343','姫懐中','ヒメカイチュウ','姫懐中','即納',40,true,true,40000,40000,0,'2016/02/01 00:00:00','2020/01/31 23:59:59','2016/02/01 00:00:00','2020/01/31 23:59:59',false,'C100020','姫様ロゴがさりげなく入った、懐中時計です。限定１０００個でシリアルナンバー入りです。',false,null),
(176349,'10176349','どこでもＴＶ','ドコデモティービー','どこでもＴＶ','即納',40,true,true,30000,30000,0,'2016/02/01 00:00:00','2020/01/31 23:59:59','2016/02/01 00:00:00','2020/01/31 23:59:59',false,'C100020','手のひらの上でスイッチを入れれば、そこがシアターに早変わり。放送はリアルタイムで見る派なあなたの必需品☆',false,null),
(176351,'10176351','姫ＴＶ','ヒメテレビ','姫ＴＶ','即納',40,true,true,10000,10000,0,'2016/02/01 00:00:00','2020/01/31 23:59:59','2016/02/01 00:00:00','2020/01/31 23:59:59',false,'C100020','姫様のプロモーションビデオをいつでも何度でも視聴できる権利付きのスペシャルなテレビです。',false,null),
(176353,'10176353','プリンセスソファ','プリンセスソファ','プリンセスソファ','即納',40,true,true,19800,19800,0,'2016/02/01 00:00:00','2020/01/31 23:59:59','2016/02/01 00:00:00','2020/01/31 23:59:59',false,'C200010','姫が自室で愛用するソファのレプリカモデル。これで、あなたも姫様気分☆',false,null),
(176362,'10176362','姫マイカー','ヒメマイカー','姫マイカー','即納',40,true,true,980000,980000,0,'2016/02/01 00:00:00','2020/01/31 23:59:59','2016/02/01 00:00:00','2020/01/31 23:59:59',false,'C200020','姫様がコンセプトデザインしたあなたのためのカワイイクルマ。別売りで助手席に座る姫様人形もあります。',false,null),
(176370,'10176370','姫様人形','ヒメサマニンギョウ','姫様人形','即納',40,true,true,9800,9800,0,'2016/02/01 00:00:00','2020/01/31 23:59:59','2016/02/01 00:00:00','2020/01/31 23:59:59',false,'C200020','姫マイカーの助手席に是非乗せてあげてください＾＾',false,null),
(176374,'10176374','公用車レプリカ','コウヨウシャレプリカ','公用車レプリカ','即納',40,true,true,5000000,5000000,0,'2016/02/01 00:00:00','2020/01/31 23:59:59','2016/02/01 00:00:00','2020/01/31 23:59:59',false,'C200020','王室公用車のレプリカモデル。本物を作った職人による作品なので、シリアルナンバー以外では誰も見分けることができません。',false,null),
(176379,'10176379','俺の釣り船','オレノツリブネ','俺の釣り船','即納',40,true,true,10000000,10000000,0,'2016/02/01 00:00:00','2020/01/31 23:59:59','2016/02/01 00:00:00','2020/01/31 23:59:59',false,'C200030','国王が海釣りの際に使用している漁船です。最近新しいのが欲しいようなので、現在稼働中のものをお譲りします。',false,null),
(176389,'10176389','プリンセスグローリーⅡ','プリンセスグローリーニ','プリンセスグローリーⅡ','即納',40,true,true,100000000,100000000,0,'2016/02/01 00:00:00','2020/01/31 23:59:59','2016/02/01 00:00:00','2020/01/31 23:59:59',false,'C200030','王室の私用旅行用汽船（ホンモノ）です。',false,null)
;
commit;
DELETE FROM t_prd_rec;
INSERT INTO t_prd_rec values
(1, 176321, 
  CURDATE(), DATE_ADD(DATE_ADD(CURDATE(), INTERVAL 60 DAY), INTERVAL -1 SECOND),
  TRUE, TRUE, 10010001, NULL),
(2, 176322, 
  CURDATE(), DATE_ADD(DATE_ADD(CURDATE(), INTERVAL 60 DAY), INTERVAL -1 SECOND),
  TRUE, TRUE, 10010002, NULL),
(3, 176331, 
  CURDATE(), DATE_ADD(DATE_ADD(CURDATE(), INTERVAL 60 DAY), INTERVAL -1 SECOND),
  TRUE, TRUE, 10010003, NULL),
(4, 176353, 
  DATE_ADD(CURDATE(), INTERVAL 5 DAY), 
  DATE_ADD(DATE_ADD(CURDATE(), INTERVAL 60 DAY), INTERVAL -1 SECOND),
  TRUE, TRUE, 10010003, NULL)
;
commit;
DELETE FROM t_prd_sales_info;
INSERT INTO t_prd_sales_info VALUES
('176321','10176321',600,1000,400),
('176322','10176322',800,1000,200),
('176331','10176331',900,1000,100),
('176338','10176338',950,1000,50),
('176343','10176343',180,1000,820),
('176349','10176349',300,1000,700),
('176351','10176351',500,1000,500),
('176353','10176353',300,1000,700),
('176362','10176362',0,100,100),
('176370','10176370',700,1000,300),
('176374','10176374',0,10,10),
('176379','10176379',1,5,4),
('176389','10176389',0,1,1)
;
commit;


delete from t_quest;
insert into t_quest values
('Q0001', '山のボス討伐１０匹', null),
('Q0002', 'サルっぽい敵討伐１００匹', null),
('Q0003', '「すっごい剣」を３個作って納品', null),
('Q0004', '畑でトマトを３個作って納品', null)
;
